{"cameraMode":{"drawMode":0,"name":"Shaded","section":"Shading Mode"},"sceneLighting":false,"audioPlay":false,"sceneViewState":{"showFog":true,"showMaterialUpdate":false,"showSkybox":false,"showFlares":true,"showImageEffects":true,"showParticleSystems":true},"in2DMode":false,"pivot":{"x":0.05715079605579376,"y":-1.5087425708770753e-7,"z":0.47963613271713259},"rotation":{"x":-0.05557733029127121,"y":-0.9313802719116211,"z":0.16083677113056184,"w":-0.32183706760406496},"size":0.7456895709037781,"orthographic":false}