{"cameraMode":{"drawMode":0,"name":"Shaded","section":"Shading Mode"},"sceneLighting":false,"audioPlay":false,"sceneViewState":{"showFog":true,"showMaterialUpdate":true,"showSkybox":false,"showFlares":true,"showImageEffects":true,"showParticleSystems":true},"in2DMode":false,"pivot":{"x":-9.455370903015137,"y":47.228431701660159,"z":-15.842945098876954},"rotation":{"x":-0.030574053525924684,"y":0.9361727833747864,"z":-0.339937686920166,"w":-0.08419974148273468},"size":2.475027084350586,"orthographic":false}