{"cameraMode":{"drawMode":0,"name":"Shaded","section":"Shading Mode"},"sceneLighting":false,"audioPlay":false,"sceneViewState":{"showFog":true,"showMaterialUpdate":true,"showSkybox":false,"showFlares":true,"showImageEffects":true,"showParticleSystems":true},"in2DMode":false,"pivot":{"x":0.08260953426361084,"y":0.8134634494781494,"z":0.24889588356018067},"rotation":{"x":0.07519204914569855,"y":0.92350834608078,"z":-0.2392565757036209,"w":0.29023459553718569},"size":3.143077850341797,"orthographic":true}