{"cameraMode":{"drawMode":0,"name":"Shaded","section":"Shading Mode"},"sceneLighting":false,"audioPlay":false,"sceneViewState":{"showFog":true,"showMaterialUpdate":true,"showSkybox":false,"showFlares":true,"showImageEffects":true,"showParticleSystems":true},"in2DMode":false,"pivot":{"x":0.10274367034435272,"y":0.2350684106349945,"z":-0.15790894627571107},"rotation":{"x":-0.0804307758808136,"y":0.685448408126831,"z":-0.07661367207765579,"w":-0.7195993661880493},"size":0.3775554895401001,"orthographic":false}