{"cameraMode":{"drawMode":0,"name":"Shaded","section":"Shading Mode"},"sceneLighting":false,"audioPlay":false,"sceneViewState":{"showFog":true,"showMaterialUpdate":true,"showSkybox":false,"showFlares":true,"showImageEffects":true,"showParticleSystems":true},"in2DMode":false,"pivot":{"x":0.000004231929779052734,"y":0.6183409690856934,"z":-0.19429242610931397},"rotation":{"x":0.07519204914569855,"y":0.92350834608078,"z":-0.2392565757036209,"w":0.29023459553718569},"size":0.8485703468322754,"orthographic":true}