{"cameraMode":{"drawMode":0,"name":"Shaded","section":"Shading Mode"},"sceneLighting":false,"audioPlay":false,"sceneViewState":{"showFog":true,"showMaterialUpdate":true,"showSkybox":false,"showFlares":true,"showImageEffects":true,"showParticleSystems":true},"in2DMode":false,"pivot":{"x":0.12595826387405396,"y":0.1887493133544922,"z":-0.2123335301876068},"rotation":{"x":-0.09831088781356812,"y":0.7511206865310669,"z":-0.11491144448518753,"w":-0.642610490322113},"size":0.6775554418563843,"orthographic":false}