{"cameraMode":{"drawMode":0,"name":"Shaded","section":"Shading Mode"},"sceneLighting":false,"audioPlay":false,"sceneViewState":{"showFog":true,"showMaterialUpdate":true,"showSkybox":false,"showFlares":true,"showImageEffects":true,"showParticleSystems":true},"in2DMode":false,"pivot":{"x":-8.940696716308594e-8,"y":0.5474292039871216,"z":-0.06250419467687607},"rotation":{"x":0.07519204914569855,"y":0.92350834608078,"z":-0.2392565757036209,"w":0.29023459553718569},"size":0.6671361327171326,"orthographic":true}